,issue_number,publication_date,category,title,byline,url
0,190,July 2022,FICTION,Water-Eaters,by Beth Goder,https://clarkesworldmagazine.com/goder_09_26
1,190,July 2022,FICTION,To Walk This Distant Shore with You,by A.D. Sui,https://clarkesworldmagazine.com/sui_09_26
2,190,July 2022,FICTION,Fistful of Antimatter,by Rich Larson,https://clarkesworldmagazine.com/larson_09_26
3,190,July 2022,FICTION,Skin and Glass,by R. P. Sand,https://clarkesworldmagazine.com/sand_09_26
4,190,July 2022,FICTION,When Humans Are No Longer Born Human,by Zhu Yixuan,https://clarkesworldmagazine.com/yixuan_09_26
5,190,July 2022,FICTION,And So I Open My Fists,by Rachel Sobel,https://clarkesworldmagazine.com/sobel_09_26
6,190,July 2022,FICTION,Country Music,by Madeleine Vigneron,https://clarkesworldmagazine.com/vigneron_09_26
0,190,July 2022,NON-FICTION,Talking to Whales (and Other Cetaceans),by Priya Sridhar,https://clarkesworldmagazine.com/sridhar_09_26
1,190,July 2022,NON-FICTION,Enjoy the Apocalypse! A Conversation with Peter Watts,by Arley Sorg,https://clarkesworldmagazine.com/watts_interview_2026
2,190,July 2022,NON-FICTION,Devastating and Liberating: A Conversation with Cadwell Turnbull,by Arley Sorg,https://clarkesworldmagazine.com/turnbull_interview_2026
3,190,July 2022,NON-FICTION,Editor's Desk: The Other Shoe,by Neil Clarke,https://clarkesworldmagazine.com/clarke_09_26
0,190,July 2022,COVER ART,Planet,by Alex Vede,https://clarkesworldmagazine.com/artbio_240
